id,name,provider,source_type,official_domain,official_url,application_url,amount_text,amount_min,amount_max,amount_currency,amount_period,income_limit_text,income_max_inr,age_min,age_max,gender,categories,education_levels,domicile,opening_date,closing_date,status,status_reason,verification_label,confidence,official_source_verified,last_verified_at,first_discovered_at,discovered_via
37,Reliance Foundation Postgraduate Scholarships,Reliance Foundation,CORPORATE_CSR,scholarships.reliancefoundation.org,https://www.scholarships.reliancefoundation.org/PG_Scholarship,https://scholarshipportal.reliancefoundation.org/RegisterScholar#pg,"The total amount of scholarship available over the duration of the degree programme, will be up to Rs/INR 6 Lakhs.",,600000.0,INR,full_course,,,,,,,"[""POSTGRADUATE""]",Be a resident Indian citizen,,2026-10-05,EXPIRING_SOON,closing date 2026-10-05 is 0 day(s) away,VERIFIED,97.0,1,2026-10-05 18:42:30,2026-10-05 15:14:25,link [Reliance Foundation scholarship portal (JS site)]
32,Reliance Foundation Undergraduate Scholarships,Reliance Foundation,CORPORATE_CSR,scholarships.reliancefoundation.org,https://www.scholarships.reliancefoundation.org/UG_Scholarship,https://scholarshipportal.reliancefoundation.org/RegisterScholar#ug,"The total amount of scholarship available over the duration of the degree programme, will be up to Rs/INR 2 Lakhs",,200000.0,INR,full_course,Students with a household income of under Rs. 15 lakh,1500000.0,,,,,"[""UNDERGRADUATE""]",Be a resident Indian citizen,,2026-10-05,EXPIRING_SOON,closing date 2026-10-05 is 0 day(s) away,VERIFIED,96.5,1,2026-10-05 18:38:40,2026-10-05 15:09:37,search:corporate_csr [search:corporate_csr]
53,University Summer Courses offered in Germany for Foreign Students and Graduates (HSK) 2026-2027,DAAD,INTERNATIONAL,daad.in,https://www.daad.in/en/2026/09/17/call-for-applications-university-summer-courses-offered-in-germany-for-foreign-students-and-graduates-hsk-2026-2027/,https://www2.daad.de/deutschland/stipendium/datenbank/en/21148-scholarship-database/?status=&origin=4&subjectGrps=&daad=1&intention=&q=&page=2&detail=50035295,,,,,,,,,,,,"[""UNDERGRADUATE"", ""POSTGRADUATE""]",,,2026-10-30,REVIEW_REQUIRED,"official source temporarily unreachable (ConnectionError: HTTPSConnectionPool(host='www.daad.in', port=443): Max retries exceeded with url: /en/2026/09/17/call-for-applications-university-summer-courses-offered-in-germ); miss 1/3",REVIEW_REQUIRED,92.6,1,2026-10-05 18:11:54,2026-10-05 15:40:50,search:provider-site [provider:daad.in]
9,Commonwealth Fellowships,Commonwealth Scholarship Commission in the UK,INTERNATIONAL,cscuk.fcdo.gov.uk,https://cscuk.fcdo.gov.uk/scholarships/commonwealth-fellowships-information-for-candidates/,https://portal.csccentralonline.org.uk/application,"Stipend (living allowance) payable monthly (or pro rata) for the duration of the award at the rate of £2,218 per month, or £2,753 per month for those at organisations in the London metropolitan area (rates quoted at 2025/26 levels).",2218.0,2753.0,GBP,per_month,,,,,,"[""PWD""]","[""DOCTORAL""]","Be a citizen of or have been granted refugee status by an eligible Commonwealth country, or be a British Protected Person.
Be permanently resident in an eligible Commonwealth country.",,,ACTIVE,official page states applications are open (rolling or currently open; no closing date published),REVIEW_REQUIRED,92.5,1,2026-10-05 18:21:59,2026-10-05 14:39:36,link [Commonwealth Scholarships (UK)]
31,Commonwealth Master's Scholarships,Commonwealth Scholarship Commission in the UK (CSC),INTERNATIONAL,cscuk.fcdo.gov.uk,https://cscuk.fcdo.gov.uk/scholarships/commonwealth-masters-scholarships/,https://portal.csccentralonline.org.uk/application,"Stipend (living allowance) at the rate of £1,712 per month, or £2,000 per month for those at universities in the London metropolitan area (rates quoted at current levels).",1712.0,2000.0,GBP,per_month,,,,,,"[""PWD""]","[""UNDERGRADUATE"", ""POSTGRADUATE""]",,,,ACTIVE,official page states applications are open (rolling or currently open; no closing date published),REVIEW_REQUIRED,92.1,1,2026-10-05 18:38:33,2026-10-05 15:07:04,link [Commonwealth Scholarships (UK)]
27,National Scholarship for Post Graduate Studies,UGC,GOVERNMENT,ugc.gov.in,https://www.ugc.gov.in/Scholarships/stu_Scholarship6,https://scholarships.gov.in/,"Rs. 1,50,000/- per annum",150000.0,150000.0,INR,per_year,,,,30,,,"[""POSTGRADUATE"", ""UNDERGRADUATE""]",The objective of ‘National scholarship for PG studies’ is to provide financial assistance to Indian students leading to award of Postgraduate Degree.,,,REVIEW_REQUIRED,official page does not state an application window – cannot confirm it is open,REVIEW_REQUIRED,90.8,1,2026-10-05 18:35:30,2026-10-05 14:45:30,link [UGC student corner]
46,The Inlaks Scholarship,The Foundation,NGO_TRUST,inlaksfoundation.org,https://inlaksfoundation.org/opportunities/scholarship/,https://onlineapplication.inlaksfoundation.org/,"The value depends on the course and covers tuition fees, living expenses, one-way travel, visa costs and health allowance, up to USD 120,000.",120000.0,120000.0,USD,,,,,30,,,"[""POSTGRADUATE"", ""DOCTORAL""]",The applicant must be an Indian passport holder who is resident in India at the time ofapplication.,,,EXPIRED,official page states: “and thus making them a future vehicle of positive change in their environment. Applications Closed Applications closed for 2026 All those shortlisted for the next round of select”,REVIEW_REQUIRED,88.9,1,2026-10-05 18:49:35,2026-10-05 15:38:31,search:provider-site [provider:inlaksfoundation.org]
26,“IshanUday” Special Scholarship Scheme for North Eastern Region,,GOVERNMENT,ugc.gov.in,https://www.ugc.gov.in/Scholarships/stu_Scholarship5,https://scholarship.canarabank.in,"Rs. 80,000/- per annum",80000.0,80000.0,INR,per_year,The income of the parents of the student should be below Rs. 04.50 lakh per annum.,450000.0,,,,,"[""UNDERGRADUATE""]",,,,REVIEW_REQUIRED,official page does not state an application window – cannot confirm it is open,REVIEW_REQUIRED,88.6,1,2026-10-05 18:34:29,2026-10-05 14:45:22,link [UGC student corner]
23,2027-2028 Fulbright-Nehru Doctoral Research Fellowships,The United States-India Educational Foundation,INTERNATIONAL,usief.org.in,https://www.usief.org.in/fulbright-fellowships/fellowships-for-indian-citizen/fulbright-nehru-doctoral-research-fellowships/,https://apply.iie.org/apply/?sr=a37e5d77-21e2-4453-aab6-8d499eb2cffc,,,,,,,,,,,,"[""DOCTORAL""]",These fellowships are designed for Indian scholars,,2026-07-01,EXPIRED,closing date 2026-07-01 has passed (as of 2026-10-05),REVIEW_REQUIRED,88.5,1,2026-10-05 18:31:24,2026-10-05 14:44:10,link [USIEF (Fulbright-Nehru)]
56,FFE - Info Edge Scholarship Program,Foundation For Excellence,NGO_TRUST,ffe.org,https://ffe.org/ffe-info-edge-scholarship-program/,https://ffe.my.site.com/prelimApplication/s/ffeprelim-form?Id=003fw00000CcZU5AAN,"scholarship award of INR 50,000/year until graduation",50000.0,50000.0,INR,per_year,Annual Family Income should be less than INR 4 LPA.,4.0,,,,,"[""UNDERGRADUATE""]",Applicants to the FFE-Info Edge Scholarship Program must be Indian Citizen,,,REVIEW_REQUIRED,"official source temporarily unreachable (ConnectionError: HTTPSConnectionPool(host='ffe.org', port=443): Max retries exceeded with url: /ffe-info-edge-scholarship-program/ (Caused by NameResolutionError(""HTTPSConnectio); miss 1/3",REVIEW_REQUIRED,87.9,1,2026-10-05 18:12:32,2026-10-05 15:43:32,search:provider-site [provider:ffe.org]
28,SDEF India Scholarship Program,Swami Dayanand Education Foundation,NGO_TRUST,swamidayanand.org,https://www.swamidayanand.org/india-scholarships-2026-27,https://form.jotform.com/swamid/sdef-india-scholarship-2026-27,,,,,,,,,,,,"[""UNDERGRADUATE""]",,2026-08-15,,ACTIVE,official page states applications are open (rolling or currently open; no closing date published),REVIEW_REQUIRED,87.8,1,2026-10-05 18:36:35,2026-10-05 14:46:47,search:foundation_trust [search:foundation_trust]
24,2027-2028 Fulbright-Nehru Academic and Professional Excellence Fellowships,The United States-India Educational Foundation,INTERNATIONAL,usief.org.in,https://www.usief.org.in/fulbright-fellowships/fellowships-for-indian-citizen/fulbright-nehru-academic-and-professional-excellence-fellowships/,https://apply.iie.org/fvsp2027,,,,,,,,,,,,"[""DOCTORAL"", ""POSTGRADUATE"", ""UNDERGRADUATE""]","provide Indian faculty, researchers, and professionals with",,2026-07-01,EXPIRED,closing date 2026-07-01 has passed (as of 2026-10-05),REVIEW_REQUIRED,87.7,1,2026-10-05 18:33:23,2026-10-05 14:44:38,link [USIEF (Fulbright-Nehru)]
64,Vidyadhan Scholarship Program,Sarojini Damodaran Foundation,NGO_TRUST,vidyadhan.org,https://www.vidyadhan.org/apply,https://www.vidyadhan.org/register/student,"The scholarship amount for graduation courses varies from Rs 10,000 to Rs 75,000 per year depending on the state, course, duration etc.",10000.0,75000.0,INR,per_year,,,,,,,,,,,REVIEW_REQUIRED,"official source temporarily unreachable (ConnectionError: HTTPSConnectionPool(host='www.vidyadhan.org', port=443): Max retries exceeded with url: /apply (Caused by NameResolutionError(""HTTPSConnection(host='www.vidyadh); miss 1/3",REVIEW_REQUIRED,87.6,1,2026-10-05 18:13:28,2026-10-05 15:50:00,link [Vidyadhan (Sarojini Damodaran Foundation)]
2,Kotak Kanya Scholarship,Kotak Education Foundation,NGO_TRUST,kotakeducationfoundation.org,https://www.kotakeducationfoundation.org/kotak-kanya-scholarship,https://www.buddy4study.com/application/KKGS5/instruction,A scholarship amount of INR 1.5 lakh* per year,150000.0,150000.0,INR,per_year,"Applicant's annual family income must be less than INR 6,00,000.",600000.0,,,FEMALE,,"[""UNDERGRADUATE""]",Open for meritorious girl students across India.,2026-07-14,2026-09-30,EXPIRED,closing date 2026-09-30 has passed (as of 2026-10-05),REVIEW_REQUIRED,86.8,1,2026-10-05 18:20:20,2026-10-05 14:18:25,aggregator-lead:buddy4study.com ← https://www.buddy4study.com/article/kotak-kanya-scholarship [lead:Kotak Kanya Scholarship - ₹1.5 Lakh/Year]
40,"Junior Research Fellowship in Science, Humanities and Social Sciences",,GOVERNMENT,ugc.gov.in,https://www.ugc.gov.in/Fellowship/stu_Fellowship1,https://ugcnet.nta.nic.in/,,,,,,,,,,,,"[""DOCTORAL""]",,,,REVIEW_REQUIRED,official page does not state an application window – cannot confirm it is open,REVIEW_REQUIRED,86.8,1,2026-10-05 18:45:12,2026-10-05 15:16:12,link [UGC student corner]
10,Commonwealth Startup Fellowships,CSC and Imperial College London,INTERNATIONAL,cscuk.fcdo.gov.uk,https://cscuk.fcdo.gov.uk/scholarships/commonwealth-startup-fellowship-information-for-candidates/,,"Up to £2,000 in equity free grants for business or participation-related costs.",2000.0,2000.0,GBP,one_time,,,,,,"[""PWD""]","[""UNDERGRADUATE""]",Be permanently resident in an eligible Commonwealth country,2026-11-16,,REVIEW_REQUIRED,official page does not state an application window – cannot confirm it is open,REVIEW_REQUIRED,85.8,1,2026-10-05 18:23:59,2026-10-05 14:39:43,link [Commonwealth Scholarships (UK)]
52,2026-2027 Fulbright Teaching Excellence and Achievement Program,"Bureau of Educational and Cultural Affairs, U.S. Department of State",INTERNATIONAL,usief.org.in,https://www.usief.org.in/fulbright-fellowships/fellowships-for-indian-citizen/fulbright-teaching-excellence-and-achievement-program/,https://fulbright.irex.org/,,,,,,,,,,,,"[""SCHOOL_POST_MATRIC"", ""UNDERGRADUATE""]",,,2026-03-06,REVIEW_REQUIRED,"official source temporarily unreachable (ConnectionError: HTTPSConnectionPool(host='www.usief.org.in', port=443): Max retries exceeded with url: /fulbright-fellowships/fellowships-for-indian-citizen/fulbright-teaching-); miss 1/3",REVIEW_REQUIRED,85.7,1,2026-10-05 18:11:43,2026-10-05 15:40:18,search:provider-site [provider:usief.org.in]
65,UGC – BSR Faculty Fellowship Scheme,University Grants Commission,GOVERNMENT,ugc.gov.in,https://www.ugc.gov.in/pdfnews/4188867_BSR-Faculty-Fellowship-revised-guidelines.pdf,http://ugcfrps.ac.in/uohyd/the-ugc-bsr-faculty-fellowship/,"Financial assistance under the scheme shall be: 50,000/ - p.m. (exclusive of the pension and / or other retirement benefits), and a research grant of 5,00,000/- p.a. (on yearly basis).",50000.0,50000.0,INR,per_month,,,,,,,"[""UNDERGRADUATE""]",,,,REVIEW_REQUIRED,"official source temporarily unreachable (ConnectionError: HTTPSConnectionPool(host='www.ugc.gov.in', port=443): Max retries exceeded with url: /pdfnews/4188867_BSR-Faculty-Fellowship-revised-guidelines.pdf (Caused by N); miss 1/3",REVIEW_REQUIRED,85.6,1,2026-10-05 18:13:41,2026-10-05 15:52:53,link [UGC student corner]
59,INSPIRE Faculty Fellowship Component (IFF),Department of Science and Technology (DST),GOVERNMENT,online-inspire.gov.in,https://online-inspire.gov.in/Content/GuideLine/FAQsFacultyfellowship25.pdf,https://www.online-inspire.gov.in,"Faculty fellowship amount is Rs. 1,25,000/- per month with an annual increment of Rs. 2000/- and Research Grant of Rs. 7,00,000/- per year for 5 years’ period.",125000.0,125000.0,INR,per_month,,,,32,,"[""SC"", ""ST"", ""PWD""]","[""DOCTORAL""]",Indian citizens and people of Indian origin including NRI/PIO status,,,REVIEW_REQUIRED,"official source temporarily unreachable (ConnectionError: HTTPSConnectionPool(host='online-inspire.gov.in', port=443): Max retries exceeded with url: /Content/GuideLine/FAQsFacultyfellowship25.pdf (Caused by NameResolu); miss 1/3",REVIEW_REQUIRED,85.4,1,2026-10-05 18:12:58,2026-10-05 15:46:32,link [DST INSPIRE]
18,Pre- Matric Scholarships Scheme for Scheduled Castes & Others,Department of Social Justice and Empowerment - Government of India,GOVERNMENT,socialjustice.gov.in,https://socialjustice.gov.in/schemes/23,https://scholarships.gov.in/,"Scholarship (Rs. per annum)
3500
7000
8000(for class III-X)",3500.0,8000.0,INR,per_year,"Component 1 - Parents/guardians’ income from all sources does not exceed Rs. 2,50,000/- (Rupees two lakh fifty thousand only) per annum.",250000.0,,,,"[""SC""]","[""SCHOOL_PRE_MATRIC""]",The Scheme is available for students pursuing studies in India only and will be awarded by the Government of the State/Union Territory to which the applicant belongs i.e. where he is domiciled.,,,REVIEW_REQUIRED,official page does not state an application window – cannot confirm it is open,REVIEW_REQUIRED,85.0,1,2026-10-05 18:28:21,2026-10-05 14:42:08,link [Ministry of Social Justice schemes]
13,ALLEN Scholarship,"ALLEN Career Institute, Delhi",UNIVERSITY,allen.ac.in,https://www.allen.ac.in/delhi/2026-27/scholarship-rules.asp,https://www.allen.ac.in/apps2627/ccp/register?leadtype=CCP&referral=https://www.allen.ac.in,,,,,,,,,,,,"[""SCHOOL_POST_MATRIC"", ""UNDERGRADUATE""]",,,2026-09-30,REVIEW_REQUIRED,"official page states: “om the date of Application (whichever is later) through NEFT / RTGS only. For this cancelled Cheque or bank passbook first page copy, along with the scholarship documents,”",REVIEW_REQUIRED,84.9,1,2026-10-05 18:27:06,2026-10-05 14:40:48,search:university [search:university]
5,INSPIRE Faculty Fellowship,Department of Science and Technology (DST),GOVERNMENT,online-inspire.gov.in,https://online-inspire.gov.in/Content/GuideLine/FacultyFellowshipGuidelines25.pdf,https://online-inspire.gov.in,"Each selected INSPIRE Faculty Fellow will be eligible to receive a consolidated amount of Rs.1,25,000/- per month as fellowship with annual increment of Rs. 2,000/ -.",125000.0,125000.0,INR,per_month,,,,32,,"[""SC"", ""ST""]","[""UNDERGRADUATE"", ""DOCTORAL""]",Indian citizens and People of Indian origin with PIO status,,,REVIEW_REQUIRED,official page does not state an application window – cannot confirm it is open,REVIEW_REQUIRED,84.7,1,2026-10-05 18:20:37,2026-10-05 14:20:00,link [DST INSPIRE]
51,2026-2027 Fulbright-Nehru Master's Fellowships,The United States-India Educational Foundation,INTERNATIONAL,usief.org.in,https://www.usief.org.in/fulbright-fellowships/fellowships-for-indian-citizen/fulbright-nehru-masters-fellowships/,https://apply.iie.org/ffsp2026,,,,,,,,,,,,"[""POSTGRADUATE""]",committed to return and contribute to their communities in India.,,2025-05-14,REVIEW_REQUIRED,"official source temporarily unreachable (ConnectionError: HTTPSConnectionPool(host='www.usief.org.in', port=443): Max retries exceeded with url: /fulbright-fellowships/fellowships-for-indian-citizen/fulbright-nehru-mas); miss 1/3",REVIEW_REQUIRED,84.1,1,2026-10-05 18:11:33,2026-10-05 15:40:09,search:provider-site [provider:usief.org.in]
11,Commonwealth Professional Fellowships,Commonwealth Scholarship Commission in the UK,INTERNATIONAL,cscuk.fcdo.gov.uk,https://cscuk.fcdo.gov.uk/scholarships/commonwealth-professional-fellowships-information-for-uk-host-organisations/,https://fs29.formsite.com/m3nCYq/wbrfnv4t0y/index,"Stipend (living allowance) payable monthly (or pro rata) for the duration of the award at the rate of £2,218 per month, or £2,753 per month for those at organisations in the London metropolitan area (rates quoted at 2025/26 levels).",2218.0,2753.0,GBP,per_month,,,,,,"[""PWD""]","[""UNDERGRADUATE"", ""POSTGRADUATE"", ""DOCTORAL""]",Be permanently resident in an eligible Commonwealth country.,,2026-09-24,EXPIRED,closing date 2026-09-24 has passed (as of 2026-10-05),REVIEW_REQUIRED,83.8,1,2026-10-05 18:25:03,2026-10-05 14:39:54,link [Commonwealth Scholarships (UK)]
35,AICTE – SAKSHAM SCHOLARSHIP SCHEME FOR SPECIALLY-ABLED STUDENT (DIPLOMA),AICTE,GOVERNMENT,scholarships.gov.in,https://scholarships.gov.in/public/schemeGuidelines/AICTE/AICTE_2013_G.pdf,,"Rs. 50,000/- per annum for every year of study",50000.0,50000.0,INR,per_year,Family income from all sources should not be more than Rs. 8 lakh per annum,800000.0,,,,"[""PWD""]","[""DIPLOMA""]",,,,REVIEW_REQUIRED,official page does not state an application window – cannot confirm it is open,REVIEW_REQUIRED,83.8,1,2026-10-05 18:42:25,2026-10-05 15:12:14,link [National Scholarship Portal – scheme list]
60,AICTE – SAKSHAM SCHOLARSHIP SCHEME FOR SPECIALLY-ABLED STUDENT (DEGREE),AICTE,GOVERNMENT,scholarships.gov.in,https://scholarships.gov.in/public/schemeGuidelines/AICTE/AICTE_2012_G.pdf,,"Rs. 50,000/- per annum",50000.0,50000.0,INR,per_year,Family income from all sources should not be more than Rs. 8 lakh per annum during the current financial year.,800000.0,,,,"[""PWD""]","[""UNDERGRADUATE""]",,,,REVIEW_REQUIRED,"official source temporarily unreachable (ConnectionError: HTTPSConnectionPool(host='scholarships.gov.in', port=443): Max retries exceeded with url: /public/schemeGuidelines/AICTE/AICTE_2012_G.pdf (Caused by NameResolut); miss 1/3",REVIEW_REQUIRED,83.8,1,2026-10-05 18:13:09,2026-10-05 15:46:48,link [National Scholarship Portal – scheme list]
3,AICTE– SARSWATI SCHOLARSHIP,AICTE,GOVERNMENT,facilities.aicte-india.org,https://facilities.aicte-india.org/AICTE%20Saraswati%20Scholarship%20Scheme%20Guidelines_2024-Final.pdf,,"Rs.25,000/- per annum for every year of study i.e. maximum 3 years",25000.0,25000.0,INR,per_year,Family income from all sources should not be more than Rs. 8 lakh per annum during the current financial year.,800000.0,,,FEMALE,,"[""UNDERGRADUATE""]",,,,REVIEW_REQUIRED,official page does not state an application window – cannot confirm it is open,REVIEW_REQUIRED,83.3,1,2026-10-05 18:20:27,2026-10-05 14:18:35,link [AICTE student schemes]
38,Hubert H. Humphrey Fellowship Program,The United States-India Educational Foundation,INTERNATIONAL,usief.org.in,https://www.usief.org.in/fulbright-fellowships/fellowships-for-indian-citizen/hubert-h-humphrey-fellowship-program/,https://apply.iie.org/huberthhumphrey,,,,,,,,,,,"[""MINORITY""]","[""POSTGRADUATE""]",Individuals with dual U.S. citizenship or U.S. permanent resident status.,,2026-07-09,EXPIRED,closing date 2026-07-09 has passed (as of 2026-10-05),REVIEW_REQUIRED,82.6,1,2026-10-05 18:44:07,2026-10-05 15:15:04,link [USIEF (Fulbright-Nehru)]
34,AICTE – PRAGATI SCHOLARSHIP SCHEME FOR GIRL STUDENTS (DIPLOMA),AICTE,GOVERNMENT,scholarships.gov.in,https://scholarships.gov.in/public/schemeGuidelines/AICTE/AICTE_2011_G.pdf,,"1) Rs. 50,000/- per annum for every year of study i.e. maximum 3 years for first year",50000.0,50000.0,INR,per_year,Family income from all sources should not be more than Rs. 8 lakh per annum during the current financial year,800000.0,,,FEMALE,"[""SC"", ""ST"", ""OBC""]","[""DIPLOMA""]",,,,REVIEW_REQUIRED,official page does not state an application window – cannot confirm it is open,REVIEW_REQUIRED,82.5,1,2026-10-05 18:41:19,2026-10-05 15:12:04,link [National Scholarship Portal – scheme list]
43,LADY MEHERBAI D TATA EDUCATION TRUST Scholarship,LADY MEHERBAI D TATA EDUCATION TRUST,NGO_TRUST,tatatrusts.org,https://www.tatatrusts.org/Upload/Content_Files/scholarship-announcement-2026-2027.pdf,,,,,,,,,,,FEMALE,,"[""UNDERGRADUATE""]",Indian women graduate from a reputed university.,2026-02-23,2026-04-06,EXPIRED,closing date 2026-04-06 has passed (as of 2026-10-05),REVIEW_REQUIRED,82.4,1,2026-10-05 18:47:33,2026-10-05 15:36:05,search:provider-site [provider:tatatrusts.org]
33,AICTE – PRAGATI SCHOLARSHIP SCHEME FOR GIRL STUDENTS (DEGREE),AICTE,GOVERNMENT,scholarships.gov.in,https://scholarships.gov.in/public/schemeGuidelines/AICTE/AICTE_2010_G.pdf,,"Rs. 50,000/- per annum for every year of study",50000.0,50000.0,INR,per_year,Family income from all sources should not be more than Rs. 8 lakh per annum during the current financial year.,800000.0,,,FEMALE,"[""SC"", ""ST"", ""OBC"", ""GENERAL""]","[""UNDERGRADUATE""]",,,,REVIEW_REQUIRED,official page does not state an application window – cannot confirm it is open,REVIEW_REQUIRED,82.1,1,2026-10-05 18:39:43,2026-10-05 15:11:56,link [National Scholarship Portal – scheme list]
41,Savitribai Jyotirao Phule Fellowship For Single Girl Child,University Grants Commission (UGC),GOVERNMENT,ugc.gov.in,https://www.ugc.gov.in/Fellowship/stu_Fellowship3,,,,,,,,,,,FEMALE,,"[""DOCTORAL""]",,,,REVIEW_REQUIRED,official page does not state an application window – cannot confirm it is open,REVIEW_REQUIRED,82.1,1,2026-10-05 18:46:28,2026-10-05 15:16:26,link [UGC student corner]
20,AICTE YASHASVI (YOUNG ACHIEVERS' SCHOLARSHIP AND HOLISTIC ACADEMIC SKILLS VENTURE INITIATIVE) SCHEME,AICTE,GOVERNMENT,facilities.aicte-india.org,https://facilities.aicte-india.org/AICTE%20YASHASVI%20Scheme%20Guidelines%20AICTE%20PORTAL_16012025Final.pdf,,"i. Amount of Scholarship Rs. 50,000/ - per annum for every year of study i.e. maximum for 4 years for",50000.0,50000.0,INR,per_year,Family Income from all sources should not be more than Rs. 8 Lakh per annum during the current financial year. A valid income certificate issued by State/UT Government need to enclose.,800000.0,,,,,"[""UNDERGRADUATE"", ""DIPLOMA""]",,,,REVIEW_REQUIRED,official page does not state an application window – cannot confirm it is open,REVIEW_REQUIRED,81.3,1,2026-10-05 18:30:18,2026-10-05 14:42:29,link [AICTE student schemes]
47,Narotam Sekhsaria Foundation PG Scholarship Programme,Narotam Sekhsaria Foundation,NGO_TRUST,pg.nsfoundation.co.in,https://pg.nsfoundation.co.in/,https://pg.nsfoundation.co.in/application-process/,,,,,,,,,,,,"[""POSTGRADUATE""]",,,,EXPIRED,official page states: “otam Sekhsaria Foundation PG Scholarship Programme 100% Merit Based Scholarship Applications Closed About Us “Dedicated to supporting India’s brightest in their pursuit of higher”,REVIEW_REQUIRED,80.3,1,2026-10-05 18:50:47,2026-10-05 15:38:53,search:provider-site [provider:nsfoundation.co.in]
1,The Aditya Birla Scholarships Programme,Aditya Birla Group,CORPORATE_CSR,adityabirlascholars.net,https://www.adityabirlascholars.net/,https://www.adityabirlascholars.net/the-scholarship/eligibility-application-process/,,,,,,,,,,,,"[""UNDERGRADUATE"", ""PROFESSIONAL""]",,,,REVIEW_REQUIRED,official page does not state an application window – cannot confirm it is open,REVIEW_REQUIRED,79.9,1,2026-10-05 18:20:09,2026-10-05 14:13:05,hub [Aditya Birla Scholarship]
44,J. N. Tata Endowment loan scholarship,THE J N TATA ENDOWMENT,NGO_TRUST,jntataendowment.org,https://jntataendowment.org/loan-scholarship-process/,,,,,,,,,,,,,"[""POSTGRADUATE"", ""DOCTORAL""]",,,,REVIEW_REQUIRED,official page does not state an application window – cannot confirm it is open,REVIEW_REQUIRED,79.7,1,2026-10-05 18:47:37,2026-10-05 15:36:23,search:provider-site [provider:jntataendowment.org]
45,Azim Premji Scholarship,Azim Premji Foundation,NGO_TRUST,pathways.azimpremjifoundation.org,https://pathways.azimpremjifoundation.org/azim-premji-scholarship,https://pathways.azimpremjifoundation.org/scholarship-recruitment-form/new,,,,,,,,,,FEMALE,,,across India,,,REVIEW_REQUIRED,official page does not state an application window – cannot confirm it is open,REVIEW_REQUIRED,79.5,1,2026-10-05 18:47:48,2026-10-05 15:38:16,search:provider-site [provider:azimpremjifoundation.org]
14,Fee Waiver Scholarship Scheme,Jaypee Institute of Information Technology,UNIVERSITY,jiit.ac.in,https://www.jiit.ac.in/prospective-student/admission/scholarships,https://getadmissions.com/jaypee,Candidates – eligible for TA as per existing policy (Rs. 15000/- per month).,15000.0,15000.0,INR,per_month,Students with parent’s income from all sources ≤ Rs 8 Lakhs per annum will be eligible.,800000.0,,,,,"[""SCHOOL_PRE_MATRIC"", ""SCHOOL_POST_MATRIC""]",,,,REVIEW_REQUIRED,official page does not state an application window – cannot confirm it is open,REVIEW_REQUIRED,79.4,1,2026-10-05 18:27:15,2026-10-05 14:41:10,search:university [search:university]
42,Means Grant Programme,Tata Trusts,NGO_TRUST,tatatrusts.org,https://www.tatatrusts.org/our-work/individual-grants-programme/education-grants,,"The award sanctioned was ₹54 lakhs over five years for his project titled, ‘Understanding the epitranscriptome of HIV RNA and the contribution to pathogenesis’.",5400000.0,5400000.0,INR,,,,,,FEMALE,,"[""DOCTORAL""]",Indian residents pursuing their education anywhere in India.,,,EXPIRED,"official page states: “year, up to 10 women benefit from this scholarship. This scholarship programme stands closed for the year 2026-2027. Civil Aviation This is a grant for candidates who are k”",REVIEW_REQUIRED,79.2,1,2026-10-05 18:46:30,2026-10-05 15:35:53,search:provider-site [provider:tatatrusts.org]
30,Commonwealth Shared Scholarships,Commonwealth Scholarship Commission in the UK,INTERNATIONAL,cscuk.fcdo.gov.uk,https://cscuk.fcdo.gov.uk/scholarships/commonwealth-shared-scholarships-applications/,https://portal.csccentralonline.org.uk/application,"Stipend (living allowance) at the rate of £1,452 per month, or £1,781 per month for those at universities in the London metropolitan area (rates quoted at current levels) – paid and funded by the university.",1452.0,1781.0,GBP,per_month,,,,,,"[""PWD""]","[""POSTGRADUATE""]","Be a citizen of or have been granted refugee status by an eligible Commonwealth country.
Be permanently resident in an eligible Commonwealth country.",,,REVIEW_REQUIRED,official page does not state an application window – cannot confirm it is open,REVIEW_REQUIRED,79.1,1,2026-10-05 18:36:40,2026-10-05 15:06:52,link [Commonwealth Scholarships (UK)]
16,AICTE – SWANATH SCHOLARSHIP,All India Council for Technical Education,GOVERNMENT,scholarships.gov.in,https://scholarships.gov.in/public/schemeGuidelines/AICTE/AICTE_3039_G.pdf,,"Rs. 50,000.00 per annum for every year of study",50000.0,50000.0,INR,per_year,Family income from all sources should not be more than Rs. 8 lakh per annum,800000.0,,,,"[""SC"", ""ST"", ""OBC""]","[""DIPLOMA"", ""UNDERGRADUATE""]",,,,REVIEW_REQUIRED,official page does not state an application window – cannot confirm it is open,REVIEW_REQUIRED,78.8,1,2026-10-05 18:27:15,2026-10-05 14:41:56,link [National Scholarship Portal – scheme list]
19,AICTE Post-Doctoral Fellowship (PDF),,GOVERNMENT,aicte.gov.in,https://aicte.gov.in/sites/default/files/AICTE%20PDF%20scheme%20Guidelines.pdf,,"Fellowship Rs. 65,000/- p.m.",65000.0,65000.0,INR,per_month,,,,,,"[""SC"", ""ST"", ""OBC"", ""PWD""]","[""DOCTORAL"", ""POSTGRADUATE"", ""UNDERGRADUATE""]",,,,ACTIVE,official page states applications are open (rolling or currently open; no closing date published),REVIEW_REQUIRED,78.7,1,2026-10-05 18:28:22,2026-10-05 14:42:17,link [AICTE student schemes]
58,SR Jindal Scholarship,Sitaram Jindal Foundation,NGO_TRUST,sitaramjindalfoundation.org,https://www.sitaramjindalfoundation.org/scholarships-for-students-in-bangalore.php,https://app.sitaramjindalfoundation.org/Login/SJFWebPage,,,,,,,,,,,,"[""UNDERGRADUATE"", ""POSTGRADUATE"", ""DIPLOMA""]",,,,REVIEW_REQUIRED,"official source temporarily unreachable (ConnectionError: HTTPSConnectionPool(host='www.sitaramjindalfoundation.org', port=443): Max retries exceeded with url: /scholarships-for-students-in-bangalore.php (Caused by Nam); miss 1/3",REVIEW_REQUIRED,78.4,1,2026-10-05 18:12:49,2026-10-05 15:44:18,search:provider-site [provider:sitaramjindalfoundation.org]
4,INSPIRE Fellowship,Department of Science and Technology (DST),GOVERNMENT,online-inspire.gov.in,https://online-inspire.gov.in/Content/GuideLine/FellowShipGuidelines2024.pdf,https://www.online-inspire.gov.in,,,,,,,,,,,,"[""DOCTORAL"", ""UNDERGRADUATE""]","1st Rank Holders in any recognized University and Academic Institutions (Excluding
Autonomous Colleges) in India",,,REVIEW_REQUIRED,official page does not state an application window – cannot confirm it is open,REVIEW_REQUIRED,77.0,1,2026-10-05 18:20:29,2026-10-05 14:19:14,link [DST INSPIRE]
17,SPECIAL SCHOLARSHIP SCHEME FOR THE STUDENTS OF UNION TERRITORIES OF JAMMU & KASHMIR AND LADAKH (SSS J&K AND LADAKH),"Department of Higher Education, Ministry of Education, Government of India",GOVERNMENT,scholarships.gov.in,https://scholarships.gov.in/public/schemeGuidelines/AICTE/PM_USPY(SSSJKL)SchemeSpecifications.pdf,,(ii) The fixed maintenance allowance Rs.1.00 lakh per annum for all streams will be paid to the bank,100000.0,100000.0,INR,per_year,Having family income of Rs. 8.00 Lakh or less per annum.,800000.0,,,,,"[""UNDERGRADUATE"", ""DIPLOMA""]",Candidates should be domicile of Union Territories of J&K and Ladakh.,,,REVIEW_REQUIRED,official page does not state an application window – cannot confirm it is open,REVIEW_REQUIRED,76.4,1,2026-10-05 18:27:16,2026-10-05 14:42:02,link [National Scholarship Portal – scheme list]
55,Amazon Future Engineer Scholarship 2026-27,Foundation for Excellence,NGO_TRUST,ffe.org,https://ffe.org/amazon-future-engineer/,https://ffe.org/login/,"student will receive a scholarship award of INR 50,000/year until graduation",50000.0,50000.0,INR,per_year,Annual Income should be less than Rs 4.00L,4.0,,,FEMALE,,"[""UNDERGRADUATE""]",Applicants to the AFE – FFE Scholarship must be Indian Citizen,2024-08-01,2025-11-30,REVIEW_REQUIRED,"official source temporarily unreachable (ConnectionError: HTTPSConnectionPool(host='ffe.org', port=443): Max retries exceeded with url: /amazon-future-engineer/ (Caused by NameResolutionError(""HTTPSConnection(host='ffe); miss 1/3",REVIEW_REQUIRED,75.7,1,2026-10-05 18:12:21,2026-10-05 15:43:04,search:provider-site [provider:ffe.org]
54,Doctoral Programmes in Germany,DAAD - Deutscher Akademischer Austauschdienst,INTERNATIONAL,www2.daad.de,https://www2.daad.de/deutschland/stipendium/datenbank/en/21148-scholarship-database/?detail=57135739,https://www.meindaad.de/en/help/how-do-i-register-for-an-application/,,,,,,,,,,,,"[""DOCTORAL""]",,,,REVIEW_REQUIRED,"official source temporarily unreachable (ConnectionError: HTTPSConnectionPool(host='www2.daad.de', port=443): Max retries exceeded with url: /deutschland/stipendium/datenbank/en/21148-scholarship-database/?detail=57135); miss 1/3",REVIEW_REQUIRED,72.7,1,2026-10-05 18:12:12,2026-10-05 15:41:28,search:provider-site [provider:daad.de]
